{
    "MODEL_NAME": "RandomForestRegressor",
    "R2": 0.9932858425408385,
    "RMSE": 11.163714135028046,
    "RMSLE": 0.053984328849161885
}