{
    "MODEL_NAME": "RandomForestRegressor",
    "R2": 0.9992415698194385,
    "RMSE": 3.7520684221787195,
    "RMSLE": 0.030679459734690162
}