{
    "MODEL_NAME": "RandomForestRegressor",
    "R2": 0.9872210540240994,
    "RMSE": 15.401409321030096,
    "RMSLE": 0.0815138957223917
}